{"format": "layers-model", "generatedBy": "keras v2.15.0", "convertedBy": "TensorFlow.js Converter v4.15.0", "modelTopology": {"keras_version": "2.15.0", "backend": "tensorflow", "model_config": {"class_name": "Functional", "config": {"name": "model", "trainable": true, "layers": [{"class_name": "InputLayer", "config": {"batch_input_shape": [null, 9], "dtype": "float32", "sparse": false, "ragged": false, "name": "input_1"}, "name": "input_1", "inbound_nodes": []}, {"class_name": "InputLayer", "config": {"batch_input_shape": [null, 10], "dtype": "float32", "sparse": false, "ragged": false, "name": "input_2"}, "name": "input_2", "inbound_nodes": []}, {"class_name": "Sequential", "config": {"name": "sequential", "layers": [{"class_name": "InputLayer", "config": {"batch_input_shape": [null, 9], "dtype": "float32", "sparse": false, "ragged": false, "name": "dense_input"}}, {"class_name": "Dense", "config": {"name": "dense", "trainable": true, "dtype": "float32", "units": 256, "activation": "relu", "use_bias": true, "kernel_initializer": {"module": "keras.initializers", "class_name": "GlorotUniform", "config": {"seed": null}, "registered_name": null}, "bias_initializer": {"module": "keras.initializers", "class_name": "Zeros", "config": {}, "registered_name": null}, "kernel_regularizer": null, "bias_regularizer": null, "activity_regularizer": null, "kernel_constraint": null, "bias_constraint": null}}, {"class_name": "Dense", "config": {"name": "dense_1", "trainable": true, "dtype": "float32", "units": 128, "activation": "relu", "use_bias": true, "kernel_initializer": {"module": "keras.initializers", "class_name": "GlorotUniform", "config": {"seed": null}, "registered_name": null}, "bias_initializer": {"module": "keras.initializers", "class_name": "Zeros", "config": {}, "registered_name": null}, "kernel_regularizer": null, "bias_regularizer": null, "activity_regularizer": null, "kernel_constraint": null, "bias_constraint": null}}, {"class_name": "Dense", "config": {"name": "dense_2", "trainable": true, "dtype": "float32", "units": 32, "activation": "linear", "use_bias": true, "kernel_initializer": {"module": "keras.initializers", "class_name": "GlorotUniform", "config": {"seed": null}, "registered_name": null}, "bias_initializer": {"module": "keras.initializers", "class_name": "Zeros", "config": {}, "registered_name": null}, "kernel_regularizer": null, "bias_regularizer": null, "activity_regularizer": null, "kernel_constraint": null, "bias_constraint": null}}]}, "name": "sequential", "inbound_nodes": [[["input_1", 0, 0, {}]]]}, {"class_name": "Sequential", "config": {"name": "sequential_1", "layers": [{"class_name": "InputLayer", "config": {"batch_input_shape": [null, 10], "dtype": "float32", "sparse": false, "ragged": false, "name": "dense_3_input"}}, {"class_name": "Dense", "config": {"name": "dense_3", "trainable": true, "dtype": "float32", "units": 256, "activation": "relu", "use_bias": true, "kernel_initializer": {"module": "keras.initializers", "class_name": "GlorotUniform", "config": {"seed": null}, "registered_name": null}, "bias_initializer": {"module": "keras.initializers", "class_name": "Zeros", "config": {}, "registered_name": null}, "kernel_regularizer": null, "bias_regularizer": null, "activity_regularizer": null, "kernel_constraint": null, "bias_constraint": null}}, {"class_name": "Dense", "config": {"name": "dense_4", "trainable": true, "dtype": "float32", "units": 128, "activation": "relu", "use_bias": true, "kernel_initializer": {"module": "keras.initializers", "class_name": "GlorotUniform", "config": {"seed": null}, "registered_name": null}, "bias_initializer": {"module": "keras.initializers", "class_name": "Zeros", "config": {}, "registered_name": null}, "kernel_regularizer": null, "bias_regularizer": null, "activity_regularizer": null, "kernel_constraint": null, "bias_constraint": null}}, {"class_name": "Dense", "config": {"name": "dense_5", "trainable": true, "dtype": "float32", "units": 32, "activation": "linear", "use_bias": true, "kernel_initializer": {"module": "keras.initializers", "class_name": "GlorotUniform", "config": {"seed": null}, "registered_name": null}, "bias_initializer": {"module": "keras.initializers", "class_name": "Zeros", "config": {}, "registered_name": null}, "kernel_regularizer": null, "bias_regularizer": null, "activity_regularizer": null, "kernel_constraint": null, "bias_constraint": null}}]}, "name": "sequential_1", "inbound_nodes": [[["input_2", 0, 0, {}]]]}, {"class_name": "TFOpLambda", "config": {"name": "tf.math.l2_normalize", "trainable": true, "dtype": "float32", "function": "math.l2_normalize"}, "name": "tf.math.l2_normalize", "inbound_nodes": [["sequential", 1, 0, {"axis": 1}]]}, {"class_name": "TFOpLambda", "config": {"name": "tf.math.l2_normalize_1", "trainable": true, "dtype": "float32", "function": "math.l2_normalize"}, "name": "tf.math.l2_normalize_1", "inbound_nodes": [["sequential_1", 1, 0, {"axis": 1}]]}, {"class_name": "Dot", "config": {"name": "dot", "trainable": true, "dtype": "float32", "axes": 1, "normalize": false}, "name": "dot", "inbound_nodes": [[["tf.math.l2_normalize", 0, 0, {}], ["tf.math.l2_normalize_1", 0, 0, {}]]]}], "input_layers": [["input_1", 0, 0], ["input_2", 0, 0]], "output_layers": [["dot", 0, 0]]}}, "training_config": {"loss": {"class_name": "MeanSquaredError", "config": {"reduction": "auto", "name": "mean_squared_error", "fn": "mean_squared_error"}}, "metrics": null, "weighted_metrics": null, "loss_weights": null, "optimizer_config": {"class_name": "Custom>Adam", "config": {"name": "Adam", "weight_decay": null, "clipnorm": null, "global_clipnorm": null, "clipvalue": null, "use_ema": false, "ema_momentum": 0.99, "ema_overwrite_frequency": null, "jit_compile": false, "is_legacy_optimizer": false, "learning_rate": 0.0010000000474974513, "beta_1": 0.9, "beta_2": 0.999, "epsilon": 1e-07, "amsgrad": false}}}}, "weightsManifest": [{"paths": ["group1-shard1of1.bin"], "weights": [{"name": "dense/kernel", "shape": [9, 256], "dtype": "float32"}, {"name": "dense/bias", "shape": [256], "dtype": "float32"}, {"name": "dense_1/kernel", "shape": [256, 128], "dtype": "float32"}, {"name": "dense_1/bias", "shape": [128], "dtype": "float32"}, {"name": "dense_2/kernel", "shape": [128, 32], "dtype": "float32"}, {"name": "dense_2/bias", "shape": [32], "dtype": "float32"}, {"name": "dense_3/kernel", "shape": [10, 256], "dtype": "float32"}, {"name": "dense_3/bias", "shape": [256], "dtype": "float32"}, {"name": "dense_4/kernel", "shape": [256, 128], "dtype": "float32"}, {"name": "dense_4/bias", "shape": [128], "dtype": "float32"}, {"name": "dense_5/kernel", "shape": [128, 32], "dtype": "float32"}, {"name": "dense_5/bias", "shape": [32], "dtype": "float32"}]}]}